Title,Author,Genre,SubGenre,Publisher,features,Image
Fundamentals of Wavelets,"Goswami, Jaideva",tech,signal processing,Wiley,"Fundamentals of Wavelets, Goswami, Jaideva, tech, signal processing, Wiley",https://i.gr-assets.com/images/S/compressed.photo.goodreads.com/books/1348693160i/2063229.jpg
Data Smart,"Foreman, John",tech,data science,Wiley,"Data Smart, Foreman, John, tech, data science, Wiley",https://i.gr-assets.com/images/S/compressed.photo.goodreads.com/books/1540820090i/17682206.jpg
God Created the Integers,"Hawking, Stephen",tech,mathematics,Penguin,"God Created the Integers, Hawking, Stephen, tech, mathematics, Penguin",https://i.gr-assets.com/images/S/compressed.photo.goodreads.com/books/1436111753i/2096.jpg
Superfreakonomics,"Dubner, Stephen",science,economics,HarperCollins,"Superfreakonomics, Dubner, Stephen, science, economics, HarperCollins",https://i.gr-assets.com/images/S/compressed.photo.goodreads.com/books/1308117804i/6402364.jpg
Orientalism,"Said, Edward",nonfiction,history,Penguin,"Orientalism, Said, Edward, nonfiction, history, Penguin",https://i.gr-assets.com/images/S/compressed.photo.goodreads.com/books/1409777781i/355190.jpg
Nature of Statistical Learning Theory,"Vapnik, Vladimir",tech,data science,Springer,"Nature of Statistical Learning Theory, The, Vapnik, Vladimir, tech, data science, Springer",https://i.gr-assets.com/images/S/compressed.photo.goodreads.com/books/1348746730i/2631404.jpg
Integration of the Indian States,"Menon, V P",nonfiction,history,Orient Blackswan,"Integration of the Indian States, Menon, V P, nonfiction, history, Orient Blackswan",https://i.gr-assets.com/images/S/compressed.photo.goodreads.com/books/1507452810i/5505708.jpg
Drunkard's Walk,"Mlodinow, Leonard",science,mathematics,Penguin,"Drunkard's Walk, The, Mlodinow, Leonard, science, mathematics, Penguin",https://i.gr-assets.com/images/S/compressed.photo.goodreads.com/books/1320392907i/2272880.jpg
Image Processing & Mathematical Morphology,"Shih, Frank",tech,signal processing,CRC,"Image Processing & Mathematical Morphology, Shih, Frank, tech, signal processing, CRC",https://i.gr-assets.com/images/S/compressed.photo.goodreads.com/books/1386925076i/196018.jpg
How to Think Like Sherlock Holmes,"Konnikova, Maria",nonfiction,psychology,Penguin,"How to Think Like Sherlock Holmes, Konnikova, Maria, nonfiction, psychology, Penguin",https://i.gr-assets.com/images/S/compressed.photo.goodreads.com/books/1355094882i/15805442.jpg
Data Scientists at Work,Sebastian Gutierrez,tech,data science,Apress,"Data Scientists at Work, Sebastian Gutierrez, tech, data science, Apress",https://i.gr-assets.com/images/S/compressed.photo.goodreads.com/books/1418766970i/22945255.jpg
Slaughterhouse Five,"Vonnegut, Kurt",fiction,classic,Random House,"Slaughterhouse Five, Vonnegut, Kurt, fiction, classic, Random House",https://i.gr-assets.com/images/S/compressed.photo.goodreads.com/books/1440319389i/4981.jpg
Birth of a Theorem,"Villani, Cedric",science,mathematics,Bodley Head,"Birth of a Theorem, Villani, Cedric, science, mathematics, Bodley Head",https://i.gr-assets.com/images/S/compressed.photo.goodreads.com/books/1415008624i/23257776.jpg
Structure & Interpretation of Computer Programs,"Sussman, Gerald",tech,computer science,MIT Press,"Structure & Interpretation of Computer Programs, Sussman, Gerald, tech, computer science, MIT Press",https://i.gr-assets.com/images/S/compressed.photo.goodreads.com/books/1396422530i/61539.jpg
Age of Wrath,"Eraly, Abraham",nonfiction,history,Penguin,"Age of Wrath, The, Eraly, Abraham, nonfiction, history, Penguin",https://i.gr-assets.com/images/S/compressed.photo.goodreads.com/books/1399528724i/22052108.jpg
Trial,"Kafka, Frank",fiction,classic,Random House,"Trial, The, Kafka, Frank, fiction, classic, Random House",https://i.gr-assets.com/images/S/compressed.photo.goodreads.com/books/1388240248i/7631105.jpg
Statistical Decision Theory,"Pratt, John",tech,data science,MIT Press,"Statistical Decision Theory, Pratt, John, tech, data science, MIT Press",https://i.gr-assets.com/images/S/compressed.photo.goodreads.com/books/1347454110i/1854932.jpg
Data Mining Handbook,"Nisbet, Robert",tech,data science,Apress,"Data Mining Handbook, Nisbet, Robert, tech, data science, Apress",https://i.gr-assets.com/images/S/compressed.photo.goodreads.com/books/1613584365i/57108889.jpg
New Machiavelli,"Wells, H. G.",fiction,novel,Penguin,"New Machiavelli, The, Wells, H. G., fiction, novel, Penguin",https://i.gr-assets.com/images/S/compressed.photo.goodreads.com/books/1320551396i/8404422.jpg
Physics & Philosophy,"Heisenberg, Werner",philosophy,science,Penguin,"Physics & Philosophy, Heisenberg, Werner, philosophy, science, Penguin",https://i.gr-assets.com/images/S/compressed.photo.goodreads.com/books/1320469147i/1168341.jpg
Making Software,"Oram, Andy",tech,computer science,O'Reilly,"Making Software, Oram, Andy, tech, computer science, O'Reilly",https://i.gr-assets.com/images/S/compressed.photo.goodreads.com/books/1328835031i/8553359.jpg
Analysis,"Tao, Terence",tech,mathematics,HBA,"Analysis, Vol I, Tao, Terence, tech, mathematics, HBA",https://i.gr-assets.com/images/S/compressed.photo.goodreads.com/books/1172646390i/203409.jpg
Machine Learning for Hackers,"Conway, Drew",tech,data science,O'Reilly,"Machine Learning for Hackers, Conway, Drew, tech, data science, O'Reilly",https://i.gr-assets.com/images/S/compressed.photo.goodreads.com/books/1329074818i/13482301.jpg
Signal and the Noise,"Silver, Nate",tech,data science,Penguin,"Signal and the Noise, The, Silver, Nate, tech, data science, Penguin",https://i.gr-assets.com/images/S/compressed.photo.goodreads.com/books/1355058876i/13588394.jpg
Python for Data Analysis,"McKinney, Wes",tech,data science,O'Reilly,"Python for Data Analysis, McKinney, Wes, tech, data science, O'Reilly",https://i.gr-assets.com/images/S/compressed.photo.goodreads.com/books/1356132971i/14744694.jpg
Introduction to Algorithms,"Cormen, Thomas",tech,computer science,MIT Press,"Introduction to Algorithms, Cormen, Thomas, tech, computer science, MIT Press",https://i.gr-assets.com/images/S/compressed.photo.goodreads.com/books/1387741681i/108986.jpg
Beautiful and the Damned,"Deb, Siddhartha",nonfiction,history,Penguin,"Beautiful and the Damned, The, Deb, Siddhartha, nonfiction, history, Penguin",https://i.gr-assets.com/images/S/compressed.photo.goodreads.com/books/1380491758i/17334497.jpg
Outsider,"Camus, Albert",fiction,classic,Penguin,"Outsider, The, Camus, Albert, fiction, classic, Penguin",https://i.gr-assets.com/images/S/compressed.photo.goodreads.com/books/1442129426i/231804.jpg
Complete Sherlock Holmes,"Doyle, Arthur Conan",fiction,classic,Random House,"Complete Sherlock Holmes, The - Vol I, Doyle, Arthur Conan, fiction, classic, Random House",https://i.gr-assets.com/images/S/compressed.photo.goodreads.com/books/1347663158i/3586.jpg
Wealth of Nations,"Smith, Adam",science,economics,Random House,"Wealth of Nations, The, Smith, Adam, science, economics, Random House",https://i.gr-assets.com/images/S/compressed.photo.goodreads.com/books/1567191193i/25698.jpg
Pillars of the Earth,"Follett, Ken",fiction,novel,Random House,"Pillars of the Earth, The, Follett, Ken, fiction, novel, Random House",https://i.gr-assets.com/images/S/compressed.photo.goodreads.com/books/1576956100i/5043.jpg
Mein Kampf,"Hitler, Adolf",nonfiction,autobiography,Rupa,"Mein Kampf, Hitler, Adolf, nonfiction, autobiography, Rupa",https://i.gr-assets.com/images/S/compressed.photo.goodreads.com/books/1395618385i/54270.jpg
Tao of Physics,"Capra, Fritjof",science,physics,Penguin,"Tao of Physics, The, Capra, Fritjof, science, physics, Penguin",https://i.gr-assets.com/images/S/compressed.photo.goodreads.com/books/1327908532i/10238.jpg
Surely You're Joking Mr Feynman,"Feynman, Richard",science,physics,Random House,"Surely You're Joking Mr Feynman, Feynman, Richard, science, physics, Random House",https://i.gr-assets.com/images/S/compressed.photo.goodreads.com/books/1504936953i/35167685.jpg
Farewell to Arms,"Hemingway, Ernest",fiction,classic,Rupa,"Farewell to Arms, A, Hemingway, Ernest, fiction, classic, Rupa",https://i.gr-assets.com/images/S/compressed.photo.goodreads.com/books/1313714836i/10799.jpg
Veteran,"Forsyth, Frederick",fiction,novel,Transworld,"Veteran, The, Forsyth, Frederick, fiction, novel, Transworld",https://i.gr-assets.com/images/S/compressed.photo.goodreads.com/books/1312017714i/109508.jpg
False Impressions,"Archer, Jeffery",fiction,novel,Pan,"False Impressions, Archer, Jeffery, fiction, novel, Pan",https://i.gr-assets.com/images/S/compressed.photo.goodreads.com/books/1429040577i/78971.jpg
Last Lecture,"Pausch, Randy",nonfiction,autobiography,Hyperion,"Last Lecture, The, Pausch, Randy, nonfiction, autobiography, Hyperion",https://i.gr-assets.com/images/S/compressed.photo.goodreads.com/books/1529682044i/40611510.jpg
Return of the Primitive,"Rand, Ayn",philosophy,objectivism,Penguin,"Return of the Primitive, Rand, Ayn, philosophy, objectivism, Penguin",https://i.gr-assets.com/images/S/compressed.photo.goodreads.com/books/1428253204i/56016.jpg
Jurassic Park,"Crichton, Michael",fiction,novel,Random House,"Jurassic Park, Crichton, Michael, fiction, novel, Random House",https://i.gr-assets.com/images/S/compressed.photo.goodreads.com/books/1529604411i/40604658.jpg
Russian Journal,"Steinbeck, John",nonfiction,history,Penguin,"Russian Journal, A, Steinbeck, John, nonfiction, history, Penguin",https://i.gr-assets.com/images/S/compressed.photo.goodreads.com/books/1327990426i/202400.jpg
Tales of Mystery and Imagination,"Poe, Edgar Allen",fiction,classic,HarperCollins,"Tales of Mystery and Imagination, Poe, Edgar Allen, fiction, classic, HarperCollins",https://i.gr-assets.com/images/S/compressed.photo.goodreads.com/books/1364138174i/196150.jpg
Freakonomics,"Dubner, Stephen",science,economics,Penguin,"Freakonomics, Dubner, Stephen, science, economics, Penguin",https://i.gr-assets.com/images/S/compressed.photo.goodreads.com/books/1550917827i/1202.jpg
Hidden Connections,"Capra, Fritjof",science,physics,HarperCollins,"Hidden Connections, The, Capra, Fritjof, science, physics, HarperCollins",https://i.gr-assets.com/images/S/compressed.photo.goodreads.com/books/1356841195i/12870068.jpg
Story of Philosophy,"Durant, Will",philosophy,history,Pocket,"Story of Philosophy, The, Durant, Will, philosophy, history, Pocket",https://i.gr-assets.com/images/S/compressed.photo.goodreads.com/books/1438471992i/31795.jpg
Asami Asami,"Deshpande, P L",fiction,novel,Mauj,"Asami Asami, Deshpande, P L, fiction, novel, Mauj",https://i.gr-assets.com/images/S/compressed.photo.goodreads.com/books/1322728784i/12374843.jpg
Journal of a Novel,"Steinbeck, John",fiction,classic,Penguin,"Journal of a Novel, Steinbeck, John, fiction, classic, Penguin",https://i.gr-assets.com/images/S/compressed.photo.goodreads.com/books/1388263595i/28910.jpg
Once There Was a War,"Steinbeck, John",nonfiction,history,Penguin,"Once There Was a War, Steinbeck, John, nonfiction, history, Penguin",https://i.gr-assets.com/images/S/compressed.photo.goodreads.com/books/1348516021i/4800.jpg
Moon is Down,"Steinbeck, John",fiction,classic,Penguin,"Moon is Down, The, Steinbeck, John, fiction, classic, Penguin",https://i.gr-assets.com/images/S/compressed.photo.goodreads.com/books/1327961310i/12722.jpg
Brethren,"Grisham, John",fiction,novel,Random House,"Brethren, The, Grisham, John, fiction, novel, Random House",https://i.gr-assets.com/images/S/compressed.photo.goodreads.com/books/1386923281i/5354.jpg
In a Free State,"Naipaul, V. S.",fiction,novel,Rupa,"In a Free State, Naipaul, V. S., fiction, novel, Rupa",https://i.gr-assets.com/images/S/compressed.photo.goodreads.com/books/1328700259i/49742.jpg
Catch 22,"Heller, Joseph",fiction,classic,Random House,"Catch 22, Heller, Joseph, fiction, classic, Random House",https://i.gr-assets.com/images/S/compressed.photo.goodreads.com/books/1463157317i/168668.jpg
Dylan on Dylan,"Dylan, Bob",nonfiction,autobiography,Random House,"Dylan on Dylan, Dylan, Bob, nonfiction, autobiography, Random House",https://i.gr-assets.com/images/S/compressed.photo.goodreads.com/books/1347887125i/1869530.jpg
Econometric Analysis,"Greene, W. H.",tech,economics,Pearson,"Econometric Analysis, Greene, W. H., tech, economics, Pearson",https://i.gr-assets.com/images/S/compressed.photo.goodreads.com/books/1386924179i/83280.jpg
Learning OpenCV,"Bradsky, Gary",tech,signal processing,O'Reilly,"Learning OpenCV, Bradsky, Gary, tech, signal processing, O'Reilly",https://i.gr-assets.com/images/S/compressed.photo.goodreads.com/books/1328834774i/3101709.jpg
Data Structures Using C & C++,"Tanenbaum, Andrew",tech,computer science,Prentice Hall,"Data Structures Using C & C++, Tanenbaum, Andrew, tech, computer science, Prentice Hall",https://i.gr-assets.com/images/S/compressed.photo.goodreads.com/books/1328036787i/9453593.jpg
Computer Vision,"Forsyth, David",tech,signal processing,Pearson,"Computer Vision, A Modern Approach, Forsyth, David, tech, signal processing, Pearson",https://i.gr-assets.com/images/S/compressed.photo.goodreads.com/books/1521329604i/37846923.jpg
Principles of Communication Systems,"Taub, Schilling",tech,signal processing,TMH,"Principles of Communication Systems, Taub, Schilling, tech, signal processing, TMH",https://i.gr-assets.com/images/S/compressed.photo.goodreads.com/books/1347785040i/307055.jpg
Let Us C,"Kanetkar, Yashwant",tech,computer science,Prentice Hall,"Let Us C, Kanetkar, Yashwant, tech, computer science, Prentice Hall",https://i.gr-assets.com/images/S/compressed.photo.goodreads.com/books/1494048555i/2522691.jpg
Amulet of Samarkand,"Stroud, Jonathan",fiction,novel,Random House,"Amulet of Samarkand, The, Stroud, Jonathan, fiction, novel, Random House",https://i.gr-assets.com/images/S/compressed.photo.goodreads.com/books/1528705815i/334123.jpg
Crime and Punishment,"Dostoevsky, Fyodor",fiction,classic,Penguin,"Crime and Punishment, Dostoevsky, Fyodor, fiction, classic, Penguin",https://i.gr-assets.com/images/S/compressed.photo.goodreads.com/books/1382846449i/7144.jpg
Angels & Demons,"Brown, Dan",fiction,novel,Random House,"Angels & Demons, Brown, Dan, fiction, novel, Random House",https://i.gr-assets.com/images/S/compressed.photo.goodreads.com/books/1639587647i/960.jpg
Argumentative Indian,"Sen, Amartya",nonfiction,history,Picador,"Argumentative Indian, The, Sen, Amartya, nonfiction, history, Picador",https://i.gr-assets.com/images/S/compressed.photo.goodreads.com/books/1389175338i/10310.jpg
Sea of Poppies,"Ghosh, Amitav",fiction,novel,Penguin,"Sea of Poppies, Ghosh, Amitav, fiction, novel, Penguin",https://i.gr-assets.com/images/S/compressed.photo.goodreads.com/books/1327376395i/1330324.jpg
Idea of Justice,"Sen, Amartya",philosophy,economics,Penguin,"Idea of Justice, The, Sen, Amartya, philosophy, economics, Penguin",https://i.gr-assets.com/images/S/compressed.photo.goodreads.com/books/1348462840i/6610623.jpg
Raisin in the Sun,"Hansberry, Lorraine",fiction,novel,Penguin,"Raisin in the Sun, A, Hansberry, Lorraine, fiction, novel, Penguin",https://i.gr-assets.com/images/S/compressed.photo.goodreads.com/books/1165522672i/5517.jpg
All the President's Men,"Woodward, Bob",nonfiction,history,Random House,"All the President's Men, Woodward, Bob, nonfiction, history, Random House",https://i.gr-assets.com/images/S/compressed.photo.goodreads.com/books/1347805228i/96123.jpg
Prisoner of Birth,"Archer, Jeffery",fiction,novel,Pan,"Prisoner of Birth, A, Archer, Jeffery, fiction, novel, Pan",https://i.gr-assets.com/images/S/compressed.photo.goodreads.com/books/1442339900i/1611988.jpg
Scoop!,"Nayar, Kuldip",nonfiction,history,HarperCollins,"Scoop!, Nayar, Kuldip, nonfiction, history, HarperCollins",https://i.gr-assets.com/images/S/compressed.photo.goodreads.com/books/1388384907i/261821.jpg
Last Mughal,"Dalrymple, William",nonfiction,history,Penguin,"Last Mughal, The, Dalrymple, William, nonfiction, history, Penguin",https://i.gr-assets.com/images/S/compressed.photo.goodreads.com/books/1320556054i/124429.jpg
Social Choice & Welfare,Various,tech,economics,Springer,"Social Choice & Welfare, Vol 39 No. 1, Various, tech, economics, Springer",https://i.gr-assets.com/images/S/compressed.photo.goodreads.com/books/1392450259i/226774.jpg
Radiowaril Bhashane & Shrutika,"Deshpande, P L",nonfiction,misc,Mauj,"Radiowaril Bhashane & Shrutika, Deshpande, P L, nonfiction, misc, Mauj",https://i.gr-assets.com/images/S/compressed.photo.goodreads.com/books/1390542342i/20625709.jpg
Aghal Paghal,"Deshpande, P L",nonfiction,misc,Mauj,"Aghal Paghal, Deshpande, P L, nonfiction, misc, Mauj",https://i.gr-assets.com/images/S/compressed.photo.goodreads.com/books/1350140863i/12989372.jpg
Beyond Degrees,other,philosophy,education,HarperCollins,"Beyond Degrees, other, philosophy, education, HarperCollins",https://i.gr-assets.com/images/S/compressed.photo.goodreads.com/books/1182769282i/1325391.jpg
Manasa,"Kale, V P",nonfiction,misc,Mauj,"Manasa, Kale, V P, nonfiction, misc, Mauj",https://i.gr-assets.com/images/S/compressed.photo.goodreads.com/books/1313677139i/12391584.jpg
Great Indian Novel,"Tharoor, Shashi",fiction,novel,Penguin,"Great Indian Novel, The, Tharoor, Shashi, fiction, novel, Penguin",https://i.gr-assets.com/images/S/compressed.photo.goodreads.com/books/1599943210i/30843.jpg
O Jerusalem!,"Lapierre, Dominique",nonfiction,history,vikas,"O Jerusalem!, Lapierre, Dominique, nonfiction, history, vikas",https://i.gr-assets.com/images/S/compressed.photo.goodreads.com/books/1388500747i/77259.jpg
City of Joy,"Lapierre, Dominique",fiction,novel,vikas,"City of Joy, The, Lapierre, Dominique, fiction, novel, vikas",https://i.gr-assets.com/images/S/compressed.photo.goodreads.com/books/1389759636i/356525.jpg
Freedom at Midnight,"Lapierre, Dominique",nonfiction,history,vikas,"Freedom at Midnight, Lapierre, Dominique, nonfiction, history, vikas",https://i.gr-assets.com/images/S/compressed.photo.goodreads.com/books/1365170106i/204123.jpg
Winter of Our Discontent,"Steinbeck, John",fiction,classic,Penguin,"Winter of Our Discontent, The, Steinbeck, John, fiction, classic, Penguin",https://i.gr-assets.com/images/S/compressed.photo.goodreads.com/books/1388197029i/4796.jpg
On Education,"Russell, Bertrand",philosophy,education,Routledge,"On Education, Russell, Bertrand, philosophy, education, Routledge",https://i.gr-assets.com/images/S/compressed.photo.goodreads.com/books/1334836441i/326679.jpg
Free Will,"Harris, Sam",nonfiction,psychology,FreePress,"Free Will, Harris, Sam, nonfiction, psychology, FreePress",https://i.gr-assets.com/images/S/compressed.photo.goodreads.com/books/1532072045i/13259270.jpg
Bookless in Baghdad,"Tharoor, Shashi",nonfiction,history,Penguin,"Bookless in Baghdad, Tharoor, Shashi, nonfiction, history, Penguin",https://i.gr-assets.com/images/S/compressed.photo.goodreads.com/books/1348706836i/805865.jpg
Case of the Lame Canary,"Gardner, Earle Stanley",fiction,novel,other,"Case of the Lame Canary, The, Gardner, Earle Stanley, fiction, novel, other",https://i.gr-assets.com/images/S/compressed.photo.goodreads.com/books/1430223342i/1347298.jpg
Theory of Everything,"Hawking, Stephen",science,physics,Jaico,"Theory of Everything, The, Hawking, Stephen, science, physics, Jaico",https://i.gr-assets.com/images/S/compressed.photo.goodreads.com/books/1415359670i/449573.jpg
New Markets & Other Essays,"Drucker, Peter",science,economics,Penguin,"New Markets & Other Essays, Drucker, Peter, science, economics, Penguin",https://i.gr-assets.com/images/S/compressed.photo.goodreads.com/books/1348570496i/787719.jpg
Electric Universe,"Bodanis, David",science,physics,Penguin,"Electric Universe, Bodanis, David, science, physics, Penguin",https://i.gr-assets.com/images/S/compressed.photo.goodreads.com/books/1320515039i/2803.jpg
Hunchback of Notre Dame,"Hugo, Victor",fiction,classic,Random House,"Hunchback of Notre Dame, The, Hugo, Victor, fiction, classic, Random House",https://i.gr-assets.com/images/S/compressed.photo.goodreads.com/books/1388342667i/30597.jpg
Burning Bright,"Steinbeck, John",fiction,classic,Penguin,"Burning Bright, Steinbeck, John, fiction, classic, Penguin",https://i.gr-assets.com/images/S/compressed.photo.goodreads.com/books/1638891096i/57355412.jpg
Doctor in the Nude,"Gordon, Richard",fiction,novel,Penguin,"Doctor in the Nude, Gordon, Richard, fiction, novel, Penguin",https://i.gr-assets.com/images/S/compressed.photo.goodreads.com/books/1288552117i/5337419.jpg
Down and Out in Paris & London,"Orwell, George",nonfiction,autobiography,Penguin,"Down and Out in Paris & London, Orwell, George, nonfiction, autobiography, Penguin",https://i.gr-assets.com/images/S/compressed.photo.goodreads.com/books/1347697665i/393199.jpg
Identity & Violence,"Sen, Amartya",philosophy,philosophy,Penguin,"Identity & Violence, Sen, Amartya, philosophy, philosophy, Penguin",https://i.gr-assets.com/images/S/compressed.photo.goodreads.com/books/1335860740i/7869.jpg
Beyond the Three Seas,"Dalrymple, William",nonfiction,history,Random House,"Beyond the Three Seas, Dalrymple, William, nonfiction, history, Random House",https://i.gr-assets.com/images/S/compressed.photo.goodreads.com/books/1310186187i/11988474.jpg
World's Greatest Short Stories,other,fiction,classic,Jaico,"World's Greatest Short Stories, The, other, fiction, classic, Jaico",https://i.gr-assets.com/images/S/compressed.photo.goodreads.com/books/1328863628i/688901.jpg
Talking Straight,"Iacoca, Lee",nonfiction,autobiography,other,"Talking Straight, Iacoca, Lee, nonfiction, autobiography, other",https://i.gr-assets.com/images/S/compressed.photo.goodreads.com/books/1320399611i/763047.jpg
Maugham's Collected Short Stories,"Maugham, William S",fiction,classic,Vintage,"Maugham's Collected Short Stories, Vol 3, Maugham, William S, fiction, classic, Vintage",https://i.gr-assets.com/images/S/compressed.photo.goodreads.com/books/1386924950i/90311.jpg
Phantom of Manhattan,"Forsyth, Frederick",fiction,classic,other,"Phantom of Manhattan, The, Forsyth, Frederick, fiction, classic, other",https://i.gr-assets.com/images/S/compressed.photo.goodreads.com/books/1312056743i/109513.jpg
Ashenden of The British Agent,"Maugham, William S",fiction,classic,Vintage,"Ashenden of The British Agent, Maugham, William S, fiction, classic, Vintage",https://i.gr-assets.com/images/S/compressed.photo.goodreads.com/books/1348005233i/12593185.jpg
Zen & The Art of Motorcycle Maintenance,"Pirsig, Robert",philosophy,autobiography,Vintage,"Zen & The Art of Motorcycle Maintenance, Pirsig, Robert, philosophy, autobiography, Vintage",https://i.gr-assets.com/images/S/compressed.photo.goodreads.com/books/1410136019i/629.jpg
Great War for Civilization,"Fisk, Robert",nonfiction,history,HarperCollins,"Great War for Civilization, The, Fisk, Robert, nonfiction, history, HarperCollins",https://i.gr-assets.com/images/S/compressed.photo.goodreads.com/books/1333581859i/854885.jpg
We the Living,"Rand, Ayn",fiction,novel,Penguin,"We the Living, Rand, Ayn, fiction, novel, Penguin",https://i.gr-assets.com/images/S/compressed.photo.goodreads.com/books/1306188481i/668.jpg
Artist and the Mathematician,"Aczel, Amir",science,mathematics,HighStakes,"Artist and the Mathematician, The, Aczel, Amir, science, mathematics, HighStakes",https://i.gr-assets.com/images/S/compressed.photo.goodreads.com/books/1328857645i/208933.jpg
History of Western Philosophy,"Russell, Bertrand",philosophy,philosophy,Routledge,"History of Western Philosophy, Russell, Bertrand, philosophy, philosophy, Routledge",https://i.gr-assets.com/images/S/compressed.photo.goodreads.com/books/1344399003i/243685.jpg
Selected Short Stories,other,fiction,classic,Jaico,"Selected Short Stories, other, fiction, classic, Jaico",https://i.gr-assets.com/images/S/compressed.photo.goodreads.com/books/1328048746i/878136.jpg
Rationality & Freedom,"Sen, Amartya",science,economics,Springer,"Rationality & Freedom, Sen, Amartya, science, economics, Springer",https://i.gr-assets.com/images/S/compressed.photo.goodreads.com/books/1347664546i/7776209.jpg
Clash of Civilizations and Remaking of the World Order,"Huntington, Samuel",nonfiction,history,Simon&Schuster,"Clash of Civilizations and Remaking of the World Order, Huntington, Samuel, nonfiction, history, Simon&Schuster",https://i.gr-assets.com/images/S/compressed.photo.goodreads.com/books/1338424958i/413179.jpg
Uncommon Wisdom,"Capra, Fritjof",nonfiction,anthology,Fontana,"Uncommon Wisdom, Capra, Fritjof, nonfiction, anthology, Fontana",https://i.gr-assets.com/images/S/compressed.photo.goodreads.com/books/1601631755i/524326.jpg
One,"Bach, Richard",nonfiction,autobiography,Dell,"One, Bach, Richard, nonfiction, autobiography, Dell",https://i.gr-assets.com/images/S/compressed.photo.goodreads.com/books/1474154022i/3.jpg
Karl Marx Biography,other,nonfiction,autobiography,other,"Karl Marx Biography, other, nonfiction, autobiography, other",https://i.gr-assets.com/images/S/compressed.photo.goodreads.com/books/1319096117i/85947.jpg
To Sir With Love,Braithwaite,fiction,classic,Penguin,"To Sir With Love, Braithwaite, fiction, classic, Penguin",https://i.gr-assets.com/images/S/compressed.photo.goodreads.com/books/1274211519i/110386.jpg
Half A Life,"Naipaul, V S",fiction,novel,other,"Half A Life, Naipaul, V S, fiction, novel, other",https://i.gr-assets.com/images/S/compressed.photo.goodreads.com/books/1304480761i/8114546.jpg
Discovery of India,"Nehru, Jawaharlal",nonfiction,history,other,"Discovery of India, The, Nehru, Jawaharlal, nonfiction, history, other",https://i.gr-assets.com/images/S/compressed.photo.goodreads.com/books/1358746649i/154126.jpg
Apulki,"Deshpande, P L",nonfiction,misc,other,"Apulki, Deshpande, P L, nonfiction, misc, other",https://i.gr-assets.com/images/S/compressed.photo.goodreads.com/books/1327654203i/80081.jpg
Unpopular Essays,"Russell, Bertrand",philosophy,philosophy,other,"Unpopular Essays, Russell, Bertrand, philosophy, philosophy, other",https://i.gr-assets.com/images/S/compressed.photo.goodreads.com/books/1356454613i/182354.jpg
Deceiver,"Forsyth, Frederick",fiction,novel,other,"Deceiver, The, Forsyth, Frederick, fiction, novel, other",https://i.gr-assets.com/images/S/compressed.photo.goodreads.com/books/1320530790i/7783191.jpg
Veil: Secret Wars of the CIA,"Woodward, Bob",nonfiction,history,other,"Veil: Secret Wars of the CIA, Woodward, Bob, nonfiction, history, other",https://i.gr-assets.com/images/S/compressed.photo.goodreads.com/books/1348094968i/27514.jpg
Char Shabda,"Deshpande, P L",nonfiction,misc,other,"Char Shabda, Deshpande, P L, nonfiction, misc, other",https://i.gr-assets.com/images/S/compressed.photo.goodreads.com/books/1633511450i/59211574.jpg
Rosy is My Relative,"Durrell, Gerald",fiction,novel,other,"Rosy is My Relative, Durrell, Gerald, fiction, novel, other",https://i.gr-assets.com/images/S/compressed.photo.goodreads.com/books/1365683009i/111789.jpg
Moon and Sixpence,"Maugham, William S",fiction,classic,other,"Moon and Sixpence, The, Maugham, William S, fiction, classic, other",https://i.gr-assets.com/images/S/compressed.photo.goodreads.com/books/1348314865i/44796.jpg
Political Philosophers,other,philosophy,politics,other,"Political Philosophers, other, philosophy, politics, other",https://i.gr-assets.com/images/S/compressed.photo.goodreads.com/books/1348195633i/2050188.jpg
Short History of the World,"Wells, H G",nonfiction,history,other,"Short History of the World, A, Wells, H G, nonfiction, history, other",https://i.gr-assets.com/images/S/compressed.photo.goodreads.com/books/1311647938i/718477.jpg
Trembling of a Leaf,"Maugham, William S",fiction,novel,other,"Trembling of a Leaf, The, Maugham, William S, fiction, novel, other",https://i.gr-assets.com/images/S/compressed.photo.goodreads.com/books/1348478256i/90309.jpg
Doctor on the Brain,"Gordon, Richard",fiction,novel,other,"Doctor on the Brain, Gordon, Richard, fiction, novel, other",https://i.gr-assets.com/images/S/compressed.photo.goodreads.com/books/1188659736i/1810382.jpg
Simpsons & Their Mathematical Secrets,"Singh, Simon",science,mathematics,other,"Simpsons & Their Mathematical Secrets, Singh, Simon, science, mathematics, other",https://i.gr-assets.com/images/S/compressed.photo.goodreads.com/books/1575562439i/41571753.jpg
Pattern Classification,"Duda, Hart",tech,data science,other,"Pattern Classification, Duda, Hart, tech, data science, other",https://i.gr-assets.com/images/S/compressed.photo.goodreads.com/books/1348571978i/85020.jpg
From Beirut to Jerusalem,"Friedman, Thomas",nonfiction,history,other,"From Beirut to Jerusalem, Friedman, Thomas, nonfiction, history, other",https://i.gr-assets.com/images/S/compressed.photo.goodreads.com/books/1328295618i/3559.jpg
Code Book,"Singh, Simon",science,mathematics,other,"Code Book, The, Singh, Simon, science, mathematics, other",https://i.gr-assets.com/images/S/compressed.photo.goodreads.com/books/1403181687i/17994.jpg
Age of the Warrior,"Fisk, Robert",nonfiction,history,other,"Age of the Warrior, The, Fisk, Robert, nonfiction, history, other",https://i.gr-assets.com/images/S/compressed.photo.goodreads.com/books/1331526720i/2885565.jpg
Final Crisis,other,fiction,comic,other,"Final Crisis, other, fiction, comic, other",https://i.gr-assets.com/images/S/compressed.photo.goodreads.com/books/1391572613i/5173602.jpg
Killing Joke,other,fiction,comic,other,"Killing Joke, The, other, fiction, comic, other",https://i.gr-assets.com/images/S/compressed.photo.goodreads.com/books/1346331835i/96358.jpg
Flashpoint,other,fiction,comic,other,"Flashpoint, other, fiction, comic, other",https://i.gr-assets.com/images/S/compressed.photo.goodreads.com/books/1507329660i/11501608.jpg
Batman Earth One,other,fiction,comic,other,"Batman Earth One, other, fiction, comic, other",https://i.gr-assets.com/images/S/compressed.photo.goodreads.com/books/1344369854i/12791521.jpg
Crisis on Infinite Earths,other,fiction,comic,other,"Crisis on Infinite Earths, other, fiction, comic, other",https://i.gr-assets.com/images/S/compressed.photo.goodreads.com/books/1327906696i/194479.jpg
Numbers Behind Numbers,"Devlin, Keith",science,mathematics,other,"Numbers Behind Numbers, The, Devlin, Keith, science, mathematics, other",https://i.gr-assets.com/images/S/compressed.photo.goodreads.com/books/1555675619i/45173712.jpg
Superman Earth One - 1,other,fiction,comic,other,"Superman Earth One - 1, other, fiction, comic, other",https://i.gr-assets.com/images/S/compressed.photo.goodreads.com/books/1320538241i/7657484.jpg
Superman Earth One - 2,other,fiction,comic,other,"Superman Earth One - 2, other, fiction, comic, other",https://i.gr-assets.com/images/S/compressed.photo.goodreads.com/books/1333579936i/13532176.jpg
Justice League: Throne of Atlantis,other,fiction,comic,other,"Justice League: Throne of Atlantis, other, fiction, comic, other",https://i.gr-assets.com/images/S/compressed.photo.goodreads.com/books/1379040592i/17671919.jpg
Justice League: The Villain's Journey,other,fiction,comic,other,"Justice League: The Villain's Journey, other, fiction, comic, other",https://i.gr-assets.com/images/S/compressed.photo.goodreads.com/books/1379039224i/15784201.jpg
Death of Superman,other,fiction,comic,other,"Death of Superman, The, other, fiction, comic, other",https://i.gr-assets.com/images/S/compressed.photo.goodreads.com/books/1383536130i/154795.jpg
History of the DC Universe,other,fiction,comic,other,"History of the DC Universe, other, fiction, comic, other",https://i.gr-assets.com/images/S/compressed.photo.goodreads.com/books/1327962400i/667258.jpg
Batman: The Long Halloween,other,fiction,comic,other,"Batman: The Long Halloween, other, fiction, comic, other",https://i.gr-assets.com/images/S/compressed.photo.goodreads.com/books/1350137101i/106069.jpg
Life in Letters,"Steinbeck, John",nonfiction,autobiography,other,"Life in Letters, A, Steinbeck, John, nonfiction, autobiography, other",https://i.gr-assets.com/images/S/compressed.photo.goodreads.com/books/1566994726i/20613480.jpg
Information,"Gleick, James",science,mathematics,other,"Information, The, Gleick, James, science, mathematics, other",https://i.gr-assets.com/images/S/compressed.photo.goodreads.com/books/1382943888i/18693669.jpg
Journal of Economics,other,science,economics,other,"Journal of Economics, vol 106 No 3, other, science, economics, other",https://i.gr-assets.com/images/S/compressed.photo.goodreads.com/books/1504076729i/36149235.jpg
Elements of Information Theory,"Thomas, Joy",tech,signal processing,other,"Elements of Information Theory, Thomas, Joy, tech, signal processing, other",https://i.gr-assets.com/images/S/compressed.photo.goodreads.com/books/1388256379i/433439.jpg
Power Electronics - Rashid,"Rashid, Muhammad",tech,computer science,other,"Power Electronics - Rashid, Rashid, Muhammad, tech, computer science, other",https://i.gr-assets.com/images/S/compressed.photo.goodreads.com/books/1387702301i/1607146.jpg
Neural Networks,"Haykin, Simon",tech,data science,other,"Neural Networks, Haykin, Simon, tech, data science, other",https://i.gr-assets.com/images/S/compressed.photo.goodreads.com/books/1481675986i/24582662.jpg
Grapes of Wrath,"Steinbeck, John",fiction,classic,other,"Grapes of Wrath, The, Steinbeck, John, fiction, classic, other",https://i.gr-assets.com/images/S/compressed.photo.goodreads.com/books/1375670575i/18114322.jpg
Vyakti ani Valli,"Deshpande, P L",nonfiction,misc,other,"Vyakti ani Valli, Deshpande, P L, nonfiction, misc, other",https://i.gr-assets.com/images/S/compressed.photo.goodreads.com/books/1547994252i/43623339.jpg
Statistical Learning Theory,"Vapnik, Vladimir",tech,data science,other,"Statistical Learning Theory, Vapnik, Vladimir, tech, data science, other",https://i.gr-assets.com/images/S/compressed.photo.goodreads.com/books/1348746730i/2631404.jpg
Mossad,"Baz-Zohar, Michael",nonfiction,history,other,"Mossad, Baz-Zohar, Michael, nonfiction, history, other",https://i.gr-assets.com/images/S/compressed.photo.goodreads.com/books/1347981678i/13623874.jpg
Jim Corbett Omnibus,"Corbett, Jim",nonfiction,history,other,"Jim Corbett Omnibus, Corbett, Jim, nonfiction, history, other",https://i.gr-assets.com/images/S/compressed.photo.goodreads.com/books/1367860028i/475249.jpg
20000 Leagues Under the Sea,"Verne, Jules",fiction,novel,other,"20000 Leagues Under the Sea, Verne, Jules, fiction, novel, other",https://i.gr-assets.com/images/S/compressed.photo.goodreads.com/books/1356462970i/15762322.jpg
Batatyachi Chal,Deshpande P L,fiction,novel,other,"Batatyachi Chal, Deshpande P L, fiction, novel, other",https://i.gr-assets.com/images/S/compressed.photo.goodreads.com/books/1505052599i/36216161.jpg
Pointers in C,"Kanetkar, Yashwant",tech,computer science,other,"Pointers in C, Kanetkar, Yashwant, tech, computer science, other",https://i.gr-assets.com/images/S/compressed.photo.goodreads.com/books/1348023062i/2522686.jpg
Cathedral and the Bazaar,"Raymond, Eric",tech,computer science,other,"Cathedral and the Bazaar, The, Raymond, Eric, tech, computer science, other",https://i.gr-assets.com/images/S/compressed.photo.goodreads.com/books/1328835964i/134825.jpg
Think Complexity,"Downey, Allen",tech,data science,other,"Think Complexity, Downey, Allen, tech, data science, other",https://i.gr-assets.com/images/S/compressed.photo.goodreads.com/books/1344689688i/13234078.jpg
Devil's Advocate,"West, Morris",fiction,novel,other,"Devil's Advocate, The, West, Morris, fiction, novel, other",https://i.gr-assets.com/images/S/compressed.photo.goodreads.com/books/1550189260i/44012999.jpg
Ayn Rand Answers,"Rand, Ayn",philosophy,objectivism,other,"Ayn Rand Answers, Rand, Ayn, philosophy, objectivism, other",https://i.gr-assets.com/images/S/compressed.photo.goodreads.com/books/1436740782i/666.jpg
Philosophy: Who Needs It,"Rand, Ayn",philosophy,objectivism,other,"Philosophy: Who Needs It, Rand, Ayn, philosophy, objectivism, other",https://i.gr-assets.com/images/S/compressed.photo.goodreads.com/books/1309284474i/843433.jpg
World's Great Thinkers,other,science,physics,other,"World's Great Thinkers, The, other, science, physics, other",https://i.gr-assets.com/images/S/compressed.photo.goodreads.com/books/1385696287i/15870302.jpg
Data Analysis with Open Source Tools,"Janert, Phillip",tech,data science,other,"Data Analysis with Open Source Tools, Janert, Phillip, tech, data science, other",https://i.gr-assets.com/images/S/compressed.photo.goodreads.com/books/1354901717i/8360735.jpg
Broca's Brain,"Sagan, Carl",science,physics,other,"Broca's Brain, Sagan, Carl, science, physics, other",https://i.gr-assets.com/images/S/compressed.photo.goodreads.com/books/1348602662i/485812.jpg
Men of Mathematics,"Bell, E T",science,mathematics,other,"Men of Mathematics, Bell, E T, science, mathematics, other",https://i.gr-assets.com/images/S/compressed.photo.goodreads.com/books/1395630205i/66358.jpg
Oxford book of Modern Science Writing,"Dawkins, Richard",science,science,other,"Oxford book of Modern Science Writing, Dawkins, Richard, science, science, other",https://i.gr-assets.com/images/S/compressed.photo.goodreads.com/books/1348588406i/2324327.jpg
Justice,"Ranjan, Sudhanshu",nonfiction,legal,other,"Justice, Judiciary and Democracy, Ranjan, Sudhanshu, nonfiction, legal, other",https://i.gr-assets.com/images/S/compressed.photo.goodreads.com/books/1635827409i/20342617.jpg
Arthashastra,Kautiyla,philosophy,philosophy,other,"Arthashastra, The, Kautiyla, philosophy, philosophy, other",https://i.gr-assets.com/images/S/compressed.photo.goodreads.com/books/1428846538i/1769362.jpg
We the People,Palkhivala,philosophy,philosophy,other,"We the People, Palkhivala, philosophy, philosophy, other",https://i.gr-assets.com/images/S/compressed.photo.goodreads.com/books/1549393502i/43848929.jpg
We the Nation,Palkhivala,philosophy,philosophy,other,"We the Nation, Palkhivala, philosophy, philosophy, other",https://i.gr-assets.com/images/S/compressed.photo.goodreads.com/books/1267053245i/2721937.jpg
Courtroom Genius,Sorabjee,nonfiction,autobiography,other,"Courtroom Genius, The, Sorabjee, nonfiction, autobiography, other",https://i.gr-assets.com/images/S/compressed.photo.goodreads.com/books/1422969809i/15709161.jpg
Dongri to Dubai,"Zaidi, Hussain",nonfiction,history,other,"Dongri to Dubai, Zaidi, Hussain, nonfiction, history, other",https://i.gr-assets.com/images/S/compressed.photo.goodreads.com/books/1338160153i/13637470.jpg
History of England,"Ackroyd, Peter",nonfiction,history,other,"History of England, Foundation, Ackroyd, Peter, nonfiction, history, other",https://i.gr-assets.com/images/S/compressed.photo.goodreads.com/books/1514005789i/13539185.jpg
City of Djinns,"Dalrymple, William",nonfiction,history,other,"City of Djinns, Dalrymple, William, nonfiction, history, other",https://i.gr-assets.com/images/S/compressed.photo.goodreads.com/books/1327731460i/124430.jpg
India's Legal System,Nariman,nonfiction,legal,other,"India's Legal System, Nariman, nonfiction, legal, other",https://i.gr-assets.com/images/S/compressed.photo.goodreads.com/books/1356456460i/4597119.jpg
More Tears to Cry,"Sassoon, Jean",fiction,novel,other,"More Tears to Cry, Sassoon, Jean, fiction, novel, other",https://i.gr-assets.com/images/S/compressed.photo.goodreads.com/books/1410280565i/23176535.jpg
Ropemaker,"Dickinson, Peter",fiction,novel,other,"Ropemaker, The, Dickinson, Peter, fiction, novel, other",https://i.gr-assets.com/images/S/compressed.photo.goodreads.com/books/1320393182i/289590.jpg
Angels & Demons,"Brown, Dan",fiction,novel,other,"Angels & Demons, Brown, Dan, fiction, novel, other",https://i.gr-assets.com/images/S/compressed.photo.goodreads.com/books/1639587647i/960.jpg
Judge,other,fiction,novel,other,"Judge, The, other, fiction, novel, other",https://i.gr-assets.com/images/S/compressed.photo.goodreads.com/books/1359827132i/5267365.jpg
Attorney,other,fiction,novel,other,"Attorney, The, other, fiction, novel, other",https://i.gr-assets.com/images/S/compressed.photo.goodreads.com/books/1327933063i/6642402.jpg
Prince,Machiavelli,fiction,classic,other,"Prince, The, Machiavelli, fiction, classic, other",https://i.gr-assets.com/images/S/compressed.photo.goodreads.com/books/1587697303i/1.jpg
Eyeless in Gaza,"Huxley, Aldous",fiction,novel,other,"Eyeless in Gaza, Huxley, Aldous, fiction, novel, other",https://i.gr-assets.com/images/S/compressed.photo.goodreads.com/books/1433092475i/261004.jpg
Tales of Beedle the Bard,"Rowling, J K",fiction,novel,other,"Tales of Beedle the Bard, Rowling, J K, fiction, novel, other",https://i.gr-assets.com/images/S/compressed.photo.goodreads.com/books/1630876355i/3950967.jpg
Girl with the Dragon Tattoo,"Larsson, Steig",fiction,novel,other,"Girl with the Dragon Tattoo, Larsson, Steig, fiction, novel, other",https://i.gr-assets.com/images/S/compressed.photo.goodreads.com/books/1327868566i/2429135.jpg
Girl who kicked the Hornet's Nest,"Larsson, Steig",fiction,novel,other,"Girl who kicked the Hornet's Nest, Larsson, Steig, fiction, novel, other",https://i.gr-assets.com/images/S/compressed.photo.goodreads.com/books/1327708260i/6892870.jpg
Girl who played with Fire,"Larsson, Steig",fiction,novel,other,"Girl who played with Fire, Larsson, Steig, fiction, novel, other",https://i.gr-assets.com/images/S/compressed.photo.goodreads.com/books/1351778881i/5060378.jpg
Batman Handbook,other,fiction,comic,other,"Batman Handbook, other, fiction, comic, other",https://i.gr-assets.com/images/S/compressed.photo.goodreads.com/books/1442381220i/107027.jpg
Murphy's Law,other,philosophy,psychology,other,"Murphy's Law, other, philosophy, psychology, other",https://i.gr-assets.com/images/S/compressed.photo.goodreads.com/books/1388519227i/383512.jpg
Structure and Randomness,"Tao, Terence",science,mathematics,other,"Structure and Randomness, Tao, Terence, science, mathematics, other",https://i.gr-assets.com/images/S/compressed.photo.goodreads.com/books/1332367312i/6135270.jpg
Image Processing with MATLAB,"Eddins, Steve",tech,signal processing,other,"Image Processing with MATLAB, Eddins, Steve, tech, signal processing, other",https://i.gr-assets.com/images/S/compressed.photo.goodreads.com/books/1266946799i/1980317.jpg
Animal Farm,"Orwell, George",fiction,classic,other,"Animal Farm, Orwell, George, fiction, classic, other",https://i.gr-assets.com/images/S/compressed.photo.goodreads.com/books/1325861570i/170448.jpg
Idiot,"Dostoevsky, Fyodor",fiction,classic,other,"Idiot, The, Dostoevsky, Fyodor, fiction, classic, other",https://i.gr-assets.com/images/S/compressed.photo.goodreads.com/books/1626318955i/12505.jpg
Christmas Carol,"Dickens, Charles",fiction,classic,other,"Christmas Carol, A, Dickens, Charles, fiction, classic, other",https://i.gr-assets.com/images/S/compressed.photo.goodreads.com/books/1406512317i/5326.jpg
Programming Collective Intelligence: Building Smart Web 2.0 Applications,Toby Segaran,tech,Data Science,O’Reilly Media,"Programming Collective Intelligence: Building Smart Web 2.0 Applications,Toby Segaran,tech,Data Science,O’Reilly Media",https://i.gr-assets.com/images/S/compressed.photo.goodreads.com/books/1371685521i/1741472.jpg
Black Holes: The Reith Lectures,Stephen Hawking ,Friction,Science,Bantam,"Black Holes: The Reith Lectures,Stephen Hawking ,Friction,Science,Bantam",https://i.gr-assets.com/images/S/compressed.photo.goodreads.com/books/1560566964i/29537175.jpg